"county","bldg_id","useful_cols_in_bldg_count"
"G4500010",234271,8
"G4500010",350625,8
"G4500010",29915,11
"G4500010",380643,15
"G4500010",544916,15
"G4500010",32902,16
"G4500010",100907,16
"G4500010",107360,17
"G4500010",221369,17
"G4500010",286643,17
"G4500010",362705,17
"G4500010",15437,18
"G4500010",4811,19
"G4500030",10521,8
"G4500030",58574,8
"G4500030",80713,8
"G4500030",124178,8
"G4500030",185086,8
"G4500030",320987,8
"G4500030",113205,9
"G4500030",173828,9
"G4500030",193855,9
"G4500030",194315,9
"G4500030",309801,9
"G4500030",476624,9
"G4500030",479966,9
"G4500030",524371,9
"G4500030",529166,9
"G4500030",272466,10
"G4500030",163826,11
"G4500030",405941,11
"G4500030",219130,14
"G4500030",327831,14
"G4500030",462577,14
"G4500030",467506,14
"G4500030",12250,15
"G4500030",131555,15
"G4500030",161345,15
"G4500030",187490,15
"G4500030",224541,15
"G4500030",227870,15
"G4500030",328057,15
"G4500030",430102,15
"G4500030",473297,15
"G4500030",513445,15
"G4500030",539469,15
"G4500030",6386,16
"G4500030",11978,16
"G4500030",15620,16
"G4500030",23580,16
"G4500030",29062,16
"G4500030",29317,16
"G4500030",38189,16
"G4500030",40875,16
"G4500030",43686,16
"G4500030",49943,16
"G4500030",55894,16
"G4500030",61093,16
"G4500030",65290,16
"G4500030",126251,16
"G4500030",149119,16
"G4500030",151291,16
"G4500030",230167,16
"G4500030",232346,16
"G4500030",237535,16
"G4500030",248660,16
"G4500030",260383,16
"G4500030",267763,16
"G4500030",268375,16
"G4500030",269403,16
"G4500030",278131,16
"G4500030",299534,16
"G4500030",302736,16
"G4500030",319550,16
"G4500030",17786,17
"G4500030",20606,17
"G4500030",22657,17
"G4500030",44697,17
"G4500030",60295,17
"G4500030",75915,17
"G4500030",88024,17
"G4500030",92084,17
"G4500030",141361,17
"G4500030",144188,17
"G4500030",146834,17
"G4500030",180828,17
"G4500030",184332,17
"G4500030",187229,17
"G4500030",188187,17
"G4500030",195169,17
"G4500030",198471,17
"G4500030",200034,17
"G4500030",200074,17
"G4500030",205525,17
"G4500030",207425,17
"G4500030",216874,17
"G4500030",238478,17
"G4500030",246025,17
"G4500030",258144,17
"G4500030",260510,17
"G4500030",267041,17
"G4500030",267992,17
"G4500030",275981,17
"G4500030",277961,17
"G4500030",291427,17
"G4500030",318597,17
"G4500030",319724,17
"G4500030",323940,17
"G4500030",325328,17
"G4500030",329152,17
"G4500030",335411,17
"G4500030",346282,17
"G4500030",356004,17
"G4500030",366355,17
"G4500030",367556,17
"G4500030",369833,17
"G4500030",387261,17
"G4500030",393532,17
"G4500030",394162,17
"G4500030",400113,17
"G4500030",408742,17
"G4500030",416901,17
"G4500030",23529,18
"G4500030",39469,18
"G4500030",42982,18
"G4500030",53356,18
"G4500030",63364,18
"G4500030",84220,18
"G4500030",98136,18
"G4500030",129198,18
"G4500030",137916,18
"G4500030",138301,18
"G4500030",158151,18
"G4500030",177800,18
"G4500030",181695,18
"G4500030",188922,18
"G4500030",195030,18
"G4500030",196831,18
"G4500030",214264,18
"G4500030",222322,18
"G4500030",224429,18
"G4500030",230516,18
"G4500030",234197,18
"G4500030",243952,18
"G4500030",246587,18
"G4500030",265096,18
"G4500030",278278,18
"G4500030",310325,18
"G4500030",60774,19
"G4500030",79233,19
"G4500030",134089,19
"G4500030",150953,19
"G4500030",156175,19
"G4500030",166649,19
"G4500030",166737,19
"G4500030",207099,19
"G4500030",228818,19
"G4500030",298519,19
"G4500030",446418,19
"G4500030",473782,19
"G4500030",501452,19
"G4500030",41544,20
"G4500030",224132,20
"G4500030",231436,20
"G4500030",267818,20
"G4500030",322947,20
"G4500030",232770,21
"G4500050",21632,8
"G4500050",66862,8
"G4500050",197103,9
"G4500050",131920,17
"G4500050",367924,18
"G4500050",467693,18
"G4500050",60903,19
"G4500050",389592,19
"G4500070",17983,8
"G4500070",127802,8
"G4500070",190024,8
"G4500070",220411,8
"G4500070",225749,8
"G4500070",229090,8
"G4500070",248613,8
"G4500070",373558,8
"G4500070",375494,8
"G4500070",395545,8
"G4500070",419992,8
"G4500070",431664,8
"G4500070",494055,8
"G4500070",524293,8
"G4500070",529441,8
"G4500070",10599,9
"G4500070",92106,9
"G4500070",112336,9
"G4500070",248255,9
"G4500070",263577,9
"G4500070",332061,9
"G4500070",435529,9
"G4500070",541541,9
"G4500070",106359,10
"G4500070",385929,10
"G4500070",474985,11
"G4500070",409647,13
"G4500070",274523,14
"G4500070",380842,14
"G4500070",22434,15
"G4500070",59986,15
"G4500070",82817,15
"G4500070",110987,15
"G4500070",133388,15
"G4500070",140726,15
"G4500070",143973,15
"G4500070",193548,15
"G4500070",209210,15
"G4500070",238978,15
"G4500070",240917,15
"G4500070",276317,15
"G4500070",347798,15
"G4500070",481193,15
"G4500070",1410,16
"G4500070",4218,16
"G4500070",8983,16
"G4500070",19427,16
"G4500070",43233,16
"G4500070",51866,16
"G4500070",82844,16
"G4500070",110072,16
"G4500070",122474,16
"G4500070",159126,16
"G4500070",166253,16
"G4500070",171232,16
"G4500070",174418,16
"G4500070",189793,16
"G4500070",212543,16
"G4500070",232527,16
"G4500070",260549,16
"G4500070",12415,17
"G4500070",18207,17
"G4500070",34670,17
"G4500070",53569,17
"G4500070",62304,17
"G4500070",65415,17
"G4500070",79190,17
"G4500070",84215,17
"G4500070",88175,17
"G4500070",90227,17
"G4500070",96701,17
"G4500070",100287,17
"G4500070",104276,17
"G4500070",118783,17
"G4500070",119741,17
"G4500070",125265,17
"G4500070",126031,17
"G4500070",130315,17
"G4500070",167605,17
"G4500070",172754,17
"G4500070",177818,17
"G4500070",178819,17
"G4500070",183528,17
"G4500070",199266,17
"G4500070",209826,17
"G4500070",214392,17
"G4500070",239951,17
"G4500070",258478,17
"G4500070",260947,17
"G4500070",283296,17
"G4500070",286167,17
"G4500070",286904,17
"G4500070",290575,17
"G4500070",311488,17
"G4500070",341354,17
"G4500070",345609,17
"G4500070",345923,17
"G4500070",382884,17
"G4500070",386093,17
"G4500070",388907,17
"G4500070",392546,17
"G4500070",393049,17
"G4500070",393129,17
"G4500070",399130,17
"G4500070",404389,17
"G4500070",3177,18
"G4500070",4067,18
"G4500070",6885,18
"G4500070",25090,18
"G4500070",44867,18
"G4500070",55003,18
"G4500070",62378,18
"G4500070",87552,18
"G4500070",107793,18
"G4500070",112489,18
"G4500070",114407,18
"G4500070",129237,18
"G4500070",147966,18
"G4500070",153538,18
"G4500070",155460,18
"G4500070",163327,18
"G4500070",165895,18
"G4500070",166188,18
"G4500070",167464,18
"G4500070",171385,18
"G4500070",180894,18
"G4500070",181196,18
"G4500070",192150,18
"G4500070",211110,18
"G4500070",212727,18
"G4500070",218025,18
"G4500070",231422,18
"G4500070",233835,18
"G4500070",241639,18
"G4500070",243909,18
"G4500070",243970,18
"G4500070",244933,18
"G4500070",265641,18
"G4500070",268655,18
"G4500070",269869,18
"G4500070",273912,18
"G4500070",282235,18
"G4500070",295120,18
"G4500070",31869,19
"G4500070",42939,19
"G4500070",74755,19
"G4500070",85252,19
"G4500070",92156,19
"G4500070",110690,19
"G4500070",149840,19
"G4500070",151081,19
"G4500070",199537,19
"G4500070",206427,19
"G4500070",206764,19
"G4500070",249295,19
"G4500070",330530,19
"G4500070",30262,20
"G4500070",37602,20
"G4500070",80509,20
"G4500070",98711,20
"G4500070",121598,20
"G4500070",163441,20
"G4500070",197212,20
"G4500070",222587,20
"G4500070",227421,20
"G4500070",248381,20
"G4500070",254654,20
"G4500070",458142,20
"G4500070",508739,20
"G4500070",521688,20
"G4500070",281891,21
"G4500070",400017,21
"G4500070",370546,22
"G4500070",458899,22
"G4500090",523146,8
"G4500090",537270,8
"G4500090",64192,9
"G4500090",228607,9
"G4500090",476423,10
"G4500090",198235,15
"G4500090",128527,16
"G4500090",197153,16
"G4500090",283598,17
"G4500090",51548,18
"G4500090",13363,19
"G4500090",416629,21
"G4500110",208994,8
"G4500110",416553,8
"G4500110",89711,9
"G4500110",285527,9
"G4500110",311239,9
"G4500110",181929,11
"G4500110",62771,15
"G4500110",123023,16
"G4500110",154831,16
"G4500110",220413,16
"G4500110",155813,17
"G4500110",345710,17
"G4500110",219207,18
"G4500110",56516,19
"G4500110",83341,19
"G4500110",123193,19
"G4500110",361832,20
"G4500130",138633,6
"G4500130",50543,8
"G4500130",66239,8
"G4500130",91651,8
"G4500130",103950,8
"G4500130",119709,8
"G4500130",135334,8
"G4500130",45442,9
"G4500130",94234,9
"G4500130",230774,9
"G4500130",306901,9
"G4500130",340504,9
"G4500130",341911,9
"G4500130",396361,9
"G4500130",469808,9
"G4500130",505843,9
"G4500130",304088,10
"G4500130",307546,10
"G4500130",312955,10
"G4500130",382657,10
"G4500130",63397,11
"G4500130",110168,11
"G4500130",311911,11
"G4500130",55360,12
"G4500130",320971,12
"G4500130",441558,14
"G4500130",49755,15
"G4500130",89884,15
"G4500130",194409,15
"G4500130",208279,15
"G4500130",260707,15
"G4500130",279809,15
"G4500130",281722,15
"G4500130",435521,15
"G4500130",519825,15
"G4500130",525760,15
"G4500130",538507,15
"G4500130",34392,16
"G4500130",92279,16
"G4500130",96481,16
"G4500130",101256,16
"G4500130",138003,16
"G4500130",173006,16
"G4500130",190258,16
"G4500130",209916,16
"G4500130",212280,16
"G4500130",249562,16
"G4500130",252218,16
"G4500130",281617,16
"G4500130",7060,17
"G4500130",15234,17
"G4500130",17496,17
"G4500130",21008,17
"G4500130",48498,17
"G4500130",57144,17
"G4500130",59466,17
"G4500130",76795,17
"G4500130",77464,17
"G4500130",80446,17
"G4500130",83440,17
"G4500130",91077,17
"G4500130",96794,17
"G4500130",109443,17
"G4500130",110330,17
"G4500130",110778,17
"G4500130",113638,17
"G4500130",119606,17
"G4500130",124682,17
"G4500130",143508,17
"G4500130",144853,17
"G4500130",150536,17
"G4500130",151741,17
"G4500130",155941,17
"G4500130",165524,17
"G4500130",172924,17
"G4500130",175819,17
"G4500130",223411,17
"G4500130",227070,17
"G4500130",235486,17
"G4500130",244836,17
"G4500130",244858,17
"G4500130",273335,17
"G4500130",283119,17
"G4500130",286494,17
"G4500130",289747,17
"G4500130",294333,17
"G4500130",295835,17
"G4500130",296273,17
"G4500130",296786,17
"G4500130",310664,17
"G4500130",317854,17
"G4500130",338309,17
"G4500130",356847,17
"G4500130",4167,18
"G4500130",7504,18
"G4500130",15967,18
"G4500130",19209,18
"G4500130",20975,18
"G4500130",27488,18
"G4500130",31728,18
"G4500130",35909,18
"G4500130",40179,18
"G4500130",42529,18
"G4500130",51221,18
"G4500130",55429,18
"G4500130",58719,18
"G4500130",63258,18
"G4500130",68102,18
"G4500130",89535,18
"G4500130",92533,18
"G4500130",103127,18
"G4500130",104342,18
"G4500130",118814,18
"G4500130",133598,18
"G4500130",155189,18
"G4500130",168668,18
"G4500130",172428,18
"G4500130",174562,18
"G4500130",183311,18
"G4500130",191123,18
"G4500130",197971,18
"G4500130",214324,18
"G4500130",230293,18
"G4500130",241585,18
"G4500130",249479,18
"G4500130",261141,18
"G4500130",283069,18
"G4500130",287268,18
"G4500130",287419,18
"G4500130",293348,18
"G4500130",313534,18
"G4500130",332612,18
"G4500130",334120,18
"G4500130",339598,18
"G4500130",362329,18
"G4500130",35500,19
"G4500130",43145,19
"G4500130",65059,19
"G4500130",70240,19
"G4500130",106755,19
"G4500130",60449,20
"G4500130",331941,20
"G4500130",364308,20
"G4500130",369994,20
"G4500130",423651,20
"G4500130",432179,20
"G4500130",470450,20
"G4500130",503138,20
"G4500130",28389,21
"G4500130",65883,21
"G4500130",160506,21
"G4500130",221532,21
"G4500130",309823,21
"G4500150",295868,8
"G4500150",325114,8
"G4500150",418615,8
"G4500150",435075,8
"G4500150",461387,8
"G4500150",503659,8
"G4500150",525083,8
"G4500150",35223,9
"G4500150",40766,9
"G4500150",48673,9
"G4500150",72681,9
"G4500150",103204,9
"G4500150",329990,9
"G4500150",365331,9
"G4500150",497419,9
"G4500150",76497,10
"G4500150",414372,10
"G4500150",83620,14
"G4500150",353849,14
"G4500150",63862,15
"G4500150",64940,15
"G4500150",134509,15
"G4500150",229157,15
"G4500150",477927,15
"G4500150",952,16
"G4500150",5075,16
"G4500150",5333,16
"G4500150",19450,16
"G4500150",32808,16
"G4500150",37464,16
"G4500150",41136,16
"G4500150",75140,16
"G4500150",80229,16
"G4500150",90700,16
"G4500150",93632,16
"G4500150",126343,16
"G4500150",127804,16
"G4500150",133840,16
"G4500150",196102,16
"G4500150",200503,16
"G4500150",236209,16
"G4500150",270636,16
"G4500150",281084,16
"G4500150",287408,16
"G4500150",14004,17
"G4500150",15263,17
"G4500150",19536,17
"G4500150",24918,17
"G4500150",29895,17
"G4500150",67052,17
"G4500150",90095,17
"G4500150",97108,17
"G4500150",102606,17
"G4500150",118499,17
"G4500150",121342,17
"G4500150",127178,17
"G4500150",139966,17
"G4500150",140223,17
"G4500150",163932,17
"G4500150",166509,17
"G4500150",189015,17
"G4500150",201076,17
"G4500150",202437,17
"G4500150",205647,17
"G4500150",221711,17
"G4500150",223384,17
"G4500150",224764,17
"G4500150",229297,17
"G4500150",242267,17
"G4500150",252525,17
"G4500150",261339,17
"G4500150",261583,17
"G4500150",301541,17
"G4500150",303665,17
"G4500150",317664,17
"G4500150",331509,17
"G4500150",336421,17
"G4500150",358352,17
"G4500150",364111,17
"G4500150",373578,17
"G4500150",379531,17
"G4500150",385315,17
"G4500150",388118,17
"G4500150",400710,17
"G4500150",9461,18
"G4500150",14933,18
"G4500150",16393,18
"G4500150",20155,18
"G4500150",24836,18
"G4500150",30437,18
"G4500150",39235,18
"G4500150",65267,18
"G4500150",97729,18
"G4500150",132775,18
"G4500150",138370,18
"G4500150",138425,18
"G4500150",161315,18
"G4500150",161704,18
"G4500150",168967,18
"G4500150",176470,18
"G4500150",229675,18
"G4500150",243429,18
"G4500150",245225,18
"G4500150",267310,18
"G4500150",282154,18
"G4500150",312778,18
"G4500150",313003,18
"G4500150",329316,18
"G4500150",346137,18
"G4500150",349608,18
"G4500150",37867,19
"G4500150",75072,19
"G4500150",90539,19
"G4500150",105173,19
"G4500150",146568,19
"G4500150",169114,19
"G4500150",174103,19
"G4500150",197167,19
"G4500150",232365,19
"G4500150",246795,19
"G4500150",590,20
"G4500150",41085,20
"G4500150",102764,20
"G4500150",208947,20
"G4500150",242500,20
"G4500150",320952,20
"G4500150",323502,20
"G4500150",369797,20
"G4500150",487035,20
"G4500150",548554,20
"G4500150",236912,21
"G4500150",500811,21
"G4500150",153742,22
"G4500170",424986,8
"G4500170",515089,8
"G4500170",517924,9
"G4500170",150097,16
"G4500170",508214,16
"G4500170",59976,17
"G4500170",128824,17
"G4500170",129187,17
"G4500170",330545,17
"G4500170",376675,17
"G4500170",515176,18
"G4500170",189172,19
"G4500170",250718,19
"G4500170",475946,20
"G4500190",36877,8
"G4500190",47256,8
"G4500190",64829,8
"G4500190",101336,8
"G4500190",122693,8
"G4500190",131726,8
"G4500190",142516,8
"G4500190",164599,8
"G4500190",169104,8
"G4500190",203355,8
"G4500190",266465,8
"G4500190",268802,8
"G4500190",285879,8
"G4500190",344718,8
"G4500190",355610,8
"G4500190",411406,8
"G4500190",452064,8
"G4500190",474709,8
"G4500190",482417,8
"G4500190",495207,8
"G4500190",502935,8
"G4500190",517381,8
"G4500190",518978,8
"G4500190",25926,9
"G4500190",90841,9
"G4500190",135520,9
"G4500190",168794,9
"G4500190",206143,9
"G4500190",223994,9
"G4500190",311901,9
"G4500190",341356,9
"G4500190",382449,9
"G4500190",383068,9
"G4500190",404037,9
"G4500190",423161,9
"G4500190",464861,9
"G4500190",519798,9
"G4500190",524887,9
"G4500190",538682,9
"G4500190",43900,10
"G4500190",171423,10
"G4500190",227767,10
"G4500190",292789,10
"G4500190",332048,10
"G4500190",345366,10
"G4500190",408894,10
"G4500190",430880,10
"G4500190",434446,10
"G4500190",447400,10
"G4500190",542572,10
"G4500190",151266,11
"G4500190",23275,14
"G4500190",282062,14
"G4500190",360519,14
"G4500190",509648,14
"G4500190",517781,14
"G4500190",34681,15
"G4500190",101260,15
"G4500190",139608,15
"G4500190",183394,15
"G4500190",206714,15
"G4500190",262161,15
"G4500190",282677,15
"G4500190",287266,15
"G4500190",294214,15
"G4500190",348263,15
"G4500190",358546,15
"G4500190",372103,15
"G4500190",380690,15
"G4500190",384443,15
"G4500190",384600,15
"G4500190",417202,15
"G4500190",433245,15
"G4500190",451326,15
"G4500190",474071,15
"G4500190",483565,15
"G4500190",506403,15
"G4500190",509473,15
"G4500190",534961,15
"G4500190",6537,16
"G4500190",7307,16
"G4500190",23214,16
"G4500190",24120,16
"G4500190",40001,16
"G4500190",46952,16
"G4500190",91572,16
"G4500190",110058,16
"G4500190",115885,16
"G4500190",116512,16
"G4500190",133331,16
"G4500190",142109,16
"G4500190",148981,16
"G4500190",156934,16
"G4500190",163031,16
"G4500190",165397,16
"G4500190",172342,16
"G4500190",180931,16
"G4500190",185951,16
"G4500190",209666,16
"G4500190",220071,16
"G4500190",736,17
"G4500190",14282,17
"G4500190",22662,17
"G4500190",25211,17
"G4500190",30553,17
"G4500190",31071,17
"G4500190",32174,17
"G4500190",40844,17
"G4500190",52950,17
"G4500190",53470,17
"G4500190",55176,17
"G4500190",63647,17
"G4500190",71356,17
"G4500190",81692,17
"G4500190",86130,17
"G4500190",87466,17
"G4500190",87935,17
"G4500190",89995,17
"G4500190",91389,17
"G4500190",92095,17
"G4500190",92169,17
"G4500190",92686,17
"G4500190",97473,17
"G4500190",102065,17
"G4500190",103686,17
"G4500190",104032,17
"G4500190",108690,17
"G4500190",109189,17
"G4500190",114236,17
"G4500190",115438,17
"G4500190",117177,17
"G4500190",120970,17
"G4500190",125732,17
"G4500190",131202,17
"G4500190",132636,17
"G4500190",134267,17
"G4500190",134275,17
"G4500190",139268,17
"G4500190",140769,17
"G4500190",140922,17
"G4500190",140933,17
"G4500190",142354,17
"G4500190",145094,17
"G4500190",153753,17
"G4500190",154605,17
"G4500190",156270,17
"G4500190",166953,17
"G4500190",168824,17
"G4500190",171455,17
"G4500190",175322,17
"G4500190",179963,17
"G4500190",181705,17
"G4500190",190703,17
"G4500190",192666,17
"G4500190",194426,17
"G4500190",202751,17
"G4500190",203415,17
"G4500190",204413,17
"G4500190",205210,17
"G4500190",219578,17
"G4500190",225332,17
"G4500190",240306,17
"G4500190",243160,17
"G4500190",249513,17
"G4500190",268507,17
"G4500190",276621,17
"G4500190",278783,17
"G4500190",284375,17
"G4500190",289407,17
"G4500190",290059,17
"G4500190",297336,17
"G4500190",302673,17
"G4500190",303181,17
"G4500190",311715,17
"G4500190",312425,17
"G4500190",312566,17
"G4500190",313766,17
"G4500190",316373,17
"G4500190",319093,17
"G4500190",332289,17
"G4500190",337377,17
"G4500190",339404,17
"G4500190",346163,17
"G4500190",348200,17
"G4500190",351004,17
"G4500190",355196,17
"G4500190",358728,17
"G4500190",359260,17
"G4500190",360749,17
"G4500190",361450,17
"G4500190",367224,17
"G4500190",374372,17
"G4500190",374395,17
"G4500190",378126,17
"G4500190",384316,17
"G4500190",388542,17
"G4500190",390767,17
"G4500190",391351,17
"G4500190",3924,18
"G4500190",8086,18
"G4500190",8810,18
"G4500190",35770,18
"G4500190",45486,18
"G4500190",47481,18
"G4500190",53531,18
"G4500190",58433,18
"G4500190",62738,18
"G4500190",63743,18
"G4500190",68112,18
"G4500190",83160,18
"G4500190",87098,18
"G4500190",88305,18
"G4500190",90375,18
"G4500190",92220,18
"G4500190",101361,18
"G4500190",106614,18
"G4500190",108013,18
"G4500190",112935,18
"G4500190",122860,18
"G4500190",123713,18
"G4500190",124574,18
"G4500190",126042,18
"G4500190",126584,18
"G4500190",130481,18
"G4500190",144007,18
"G4500190",146329,18
"G4500190",148846,18
"G4500190",153207,18
"G4500190",166822,18
"G4500190",168267,18
"G4500190",169664,18
"G4500190",170267,18
"G4500190",173425,18
"G4500190",174970,18
"G4500190",179042,18
"G4500190",183473,18
"G4500190",187008,18
"G4500190",187828,18
"G4500190",196580,18
"G4500190",209075,18
"G4500190",217426,18
"G4500190",232639,18
"G4500190",236747,18
"G4500190",239643,18
"G4500190",245591,18
"G4500190",246085,18
"G4500190",246418,18
"G4500190",253730,18
"G4500190",261143,18
"G4500190",262341,18
"G4500190",264968,18
"G4500190",272780,18
"G4500190",284470,18
"G4500190",288188,18
"G4500190",291817,18
"G4500190",308887,18
"G4500190",309308,18
"G4500190",310274,18
"G4500190",321609,18
"G4500190",333886,18
"G4500190",343635,18
"G4500190",348521,18
"G4500190",351405,18
"G4500190",352124,18
"G4500190",366899,18
"G4500190",373188,18
"G4500190",373555,18
"G4500190",375486,18
"G4500190",380764,18
"G4500190",381315,18
"G4500190",387224,18
"G4500190",14495,19
"G4500190",23486,19
"G4500190",24341,19
"G4500190",27299,19
"G4500190",40938,19
"G4500190",42353,19
"G4500190",44717,19
"G4500190",45143,19
"G4500190",57984,19
"G4500190",58263,19
"G4500190",59280,19
"G4500190",67138,19
"G4500190",67881,19
"G4500190",72554,19
"G4500190",114756,20
"G4500190",145994,20
"G4500190",175884,20
"G4500190",186846,20
"G4500190",266455,20
"G4500190",303876,20
"G4500190",356638,20
"G4500190",409347,20
"G4500190",436554,20
"G4500190",458293,20
"G4500190",532105,20
"G4500190",544553,20
"G4500190",18798,21
"G4500190",110319,21
"G4500190",121016,21
"G4500190",322519,21
"G4500190",380576,21
"G4500190",394231,21
"G4500190",494097,21
"G4500190",511900,21
"G4500190",6635,22
"G4500190",353769,22
"G4500190",500697,22
"G4500210",93405,8
"G4500210",401968,8
"G4500210",454524,8
"G4500210",538921,8
"G4500210",547621,8
"G4500210",106029,9
"G4500210",185048,9
"G4500210",362040,9
"G4500210",460013,9
"G4500210",62053,10
"G4500210",214222,10
"G4500210",281886,10
"G4500210",344708,10
"G4500210",21893,13
"G4500210",65081,13
"G4500210",32634,15
"G4500210",152486,16
"G4500210",187343,16
"G4500210",191084,16
"G4500210",203513,16
"G4500210",70556,17
"G4500210",84593,17
"G4500210",98000,17
"G4500210",166922,17
"G4500210",194578,17
"G4500210",195774,17
"G4500210",86055,18
"G4500210",166440,18
"G4500210",211416,18
"G4500210",249664,18
"G4500210",259244,18
"G4500210",270423,18
"G4500210",9756,19
"G4500210",241708,19
"G4500210",460880,19
"G4500210",38693,20
"G4500210",42264,20
"G4500210",435590,20
"G4500230",86331,8
"G4500230",169021,8
"G4500230",193197,8
"G4500230",286865,8
"G4500230",419852,9
"G4500230",433929,15
"G4500230",55656,16
"G4500230",60575,16
"G4500230",105114,17
"G4500230",110676,17
"G4500230",120307,17
"G4500230",207620,17
"G4500230",237543,17
"G4500230",292336,17
"G4500230",326967,17
"G4500230",373358,17
"G4500230",26021,18
"G4500230",150623,18
"G4500230",150119,19
"G4500230",178662,19
"G4500230",239703,19
"G4500230",41563,20
"G4500230",66076,20
"G4500230",433909,20
"G4500250",100105,8
"G4500250",263376,8
"G4500250",6618,9
"G4500250",41138,9
"G4500250",343953,9
"G4500250",357459,9
"G4500250",51210,15
"G4500250",30039,16
"G4500250",134895,16
"G4500250",146544,16
"G4500250",197276,16
"G4500250",236014,16
"G4500250",254641,16
"G4500250",462003,16
"G4500250",46411,17
"G4500250",52820,17
"G4500250",62433,17
"G4500250",88969,17
"G4500250",90053,17
"G4500250",102575,17
"G4500250",200361,17
"G4500250",242375,17
"G4500250",306502,17
"G4500250",315952,17
"G4500250",340977,17
"G4500250",353609,17
"G4500250",25603,18
"G4500250",29214,18
"G4500250",119093,18
"G4500250",130507,18
"G4500250",171664,18
"G4500250",191287,18
"G4500250",206383,18
"G4500250",295056,18
"G4500250",327679,18
"G4500250",364940,19
"G4500250",395568,19
"G4500250",445364,19
"G4500250",530498,19
"G4500250",41357,20
"G4500250",118756,20
"G4500250",143926,20
"G4500250",263689,20
"G4500250",318724,20
"G4500250",319963,20
"G4500270",141470,8
"G4500270",384102,8
"G4500270",127412,9
"G4500270",133689,9
"G4500270",157941,9
"G4500270",418736,10
"G4500270",539810,15
"G4500270",177391,16
"G4500270",205900,16
"G4500270",179762,17
"G4500270",225162,17
"G4500270",296478,17
"G4500270",32095,18
"G4500270",73707,18
"G4500270",111876,18
"G4500270",144621,18
"G4500270",167646,18
"G4500270",254229,18
"G4500270",333135,18
"G4500270",338100,18
"G4500270",27822,19
"G4500270",101310,19
"G4500270",142304,19
"G4500270",71802,20
"G4500290",40359,8
"G4500290",79885,8
"G4500290",367724,8
"G4500290",493032,8
"G4500290",153607,9
"G4500290",165581,9
"G4500290",419608,9
"G4500290",19759,10
"G4500290",389434,10
"G4500290",91114,11
"G4500290",111104,15
"G4500290",390428,15
"G4500290",57709,16
"G4500290",69867,16
"G4500290",231394,16
"G4500290",3956,17
"G4500290",134863,18
"G4500290",179654,18
"G4500290",180659,18
"G4500290",210458,18
"G4500290",282932,18
"G4500290",36265,19
"G4500290",165252,19
"G4500290",521767,19
"G4500290",214769,20
"G4500290",448596,20
"G4500290",11551,21
"G4500310",65202,8
"G4500310",140191,8
"G4500310",288995,8
"G4500310",309139,8
"G4500310",136048,9
"G4500310",266005,9
"G4500310",312064,9
"G4500310",28005,10
"G4500310",547959,10
"G4500310",457566,14
"G4500310",167456,15
"G4500310",21781,16
"G4500310",47012,16
"G4500310",69144,16
"G4500310",136056,16
"G4500310",172106,16
"G4500310",23003,17
"G4500310",82116,17
"G4500310",118507,17
"G4500310",120308,17
"G4500310",128553,17
"G4500310",175935,17
"G4500310",191077,17
"G4500310",207176,17
"G4500310",228649,17
"G4500310",238007,17
"G4500310",241829,17
"G4500310",267473,17
"G4500310",276455,17
"G4500310",53141,18
"G4500310",63483,18
"G4500310",110989,18
"G4500310",132826,18
"G4500310",135955,18
"G4500310",145141,18
"G4500310",147359,18
"G4500310",180224,18
"G4500310",191543,18
"G4500310",212851,18
"G4500310",250867,18
"G4500310",261061,18
"G4500310",280712,18
"G4500310",282582,18
"G4500310",326831,18
"G4500310",52722,19
"G4500310",63063,19
"G4500310",12528,20
"G4500310",215379,20
"G4500310",300227,20
"G4500310",453543,20
"G4500330",40403,8
"G4500330",123262,8
"G4500330",143141,8
"G4500330",158677,9
"G4500330",276373,9
"G4500330",531774,9
"G4500330",83717,10
"G4500330",276653,11
"G4500330",415963,14
"G4500330",93063,15
"G4500330",324703,15
"G4500330",55659,16
"G4500330",21719,17
"G4500330",35450,17
"G4500330",94804,17
"G4500330",119969,17
"G4500330",146084,17
"G4500330",87827,18
"G4500330",115504,18
"G4500330",129321,18
"G4500330",134828,18
"G4500330",148643,18
"G4500330",367528,18
"G4500330",167612,19
"G4500330",370017,19
"G4500350",158482,8
"G4500350",346646,8
"G4500350",401449,8
"G4500350",506142,8
"G4500350",510596,8
"G4500350",196098,9
"G4500350",520077,9
"G4500350",186517,10
"G4500350",439720,10
"G4500350",505043,14
"G4500350",105557,15
"G4500350",164661,15
"G4500350",166890,15
"G4500350",282799,15
"G4500350",290937,15
"G4500350",331713,15
"G4500350",454208,15
"G4500350",547125,15
"G4500350",14060,16
"G4500350",60400,16
"G4500350",84037,16
"G4500350",93677,16
"G4500350",103848,16
"G4500350",118262,16
"G4500350",160836,16
"G4500350",196439,16
"G4500350",202826,16
"G4500350",23718,17
"G4500350",30173,17
"G4500350",43131,17
"G4500350",47606,17
"G4500350",66339,17
"G4500350",67866,17
"G4500350",68251,17
"G4500350",68631,17
"G4500350",73348,17
"G4500350",83013,17
"G4500350",110624,17
"G4500350",124597,17
"G4500350",135957,17
"G4500350",157745,17
"G4500350",200860,17
"G4500350",261542,17
"G4500350",269492,17
"G4500350",287729,17
"G4500350",306066,17
"G4500350",314647,17
"G4500350",322243,17
"G4500350",351636,17
"G4500350",353486,17
"G4500350",354508,17
"G4500350",370675,17
"G4500350",394575,17
"G4500350",670,18
"G4500350",44694,18
"G4500350",52925,18
"G4500350",110114,18
"G4500350",112512,18
"G4500350",113625,18
"G4500350",122593,18
"G4500350",132240,18
"G4500350",151101,18
"G4500350",209788,18
"G4500350",210690,18
"G4500350",218179,18
"G4500350",220838,18
"G4500350",224243,18
"G4500350",250602,18
"G4500350",291688,18
"G4500350",327337,18
"G4500350",343163,18
"G4500350",343588,18
"G4500350",363985,18
"G4500350",379141,18
"G4500350",9269,19
"G4500350",34598,19
"G4500350",66722,19
"G4500350",90259,19
"G4500350",102682,19
"G4500350",115446,20
"G4500350",128772,20
"G4500350",207055,20
"G4500350",243158,20
"G4500350",261619,20
"G4500350",413792,20
"G4500350",428238,20
"G4500350",453531,20
"G4500350",513701,20
"G4500370",296839,8
"G4500370",531498,8
"G4500370",357943,10
"G4500370",158154,11
"G4500370",262365,11
"G4500370",276613,11
"G4500370",507236,15
"G4500370",205782,16
"G4500370",54081,17
"G4500370",63243,17
"G4500370",161729,17
"G4500370",196371,17
"G4500370",201202,17
"G4500370",54447,18
"G4500370",102072,18
"G4500370",283544,18
"G4500370",178271,19
"G4500370",197856,19
"G4500370",489338,19
"G4500370",36595,20
"G4500370",86154,20
"G4500370",546713,20
"G4500370",83808,21
"G4500390",82832,8
"G4500390",169567,8
"G4500390",293431,8
"G4500390",441734,9
"G4500390",262384,11
"G4500390",371585,14
"G4500390",80627,15
"G4500390",178310,15
"G4500390",61085,16
"G4500390",69067,17
"G4500390",114035,17
"G4500390",183329,17
"G4500390",61682,18
"G4500390",65257,18
"G4500390",199190,18
"G4500390",211369,18
"G4500390",223580,18
"G4500390",244677,18
"G4500390",253607,18
"G4500390",340421,18
"G4500390",347073,18
"G4500390",352243,18
"G4500390",125678,19
"G4500390",374319,19
"G4500390",468114,19
"G4500390",179786,20
"G4500390",294974,20
"G4500390",297812,20
"G4500410",74234,8
"G4500410",99047,8
"G4500410",156293,8
"G4500410",178258,8
"G4500410",236739,8
"G4500410",284548,8
"G4500410",323050,8
"G4500410",397041,8
"G4500410",495647,8
"G4500410",508483,8
"G4500410",527184,8
"G4500410",537352,8
"G4500410",54651,9
"G4500410",121464,9
"G4500410",167980,9
"G4500410",225513,9
"G4500410",277125,9
"G4500410",383377,9
"G4500410",105777,10
"G4500410",162892,10
"G4500410",172025,10
"G4500410",369426,10
"G4500410",497012,10
"G4500410",502973,10
"G4500410",68054,14
"G4500410",249209,15
"G4500410",268947,15
"G4500410",297304,15
"G4500410",488704,15
"G4500410",491715,15
"G4500410",545807,15
"G4500410",46935,16
"G4500410",47845,16
"G4500410",60481,16
"G4500410",82190,16
"G4500410",9860,17
"G4500410",20214,17
"G4500410",31413,17
"G4500410",48995,17
"G4500410",65544,17
"G4500410",68925,17
"G4500410",82435,17
"G4500410",91773,17
"G4500410",98056,17
"G4500410",115384,17
"G4500410",118017,17
"G4500410",121497,17
"G4500410",123955,17
"G4500410",130302,17
"G4500410",130318,17
"G4500410",132331,17
"G4500410",145093,17
"G4500410",147300,17
"G4500410",179208,17
"G4500410",187375,17
"G4500410",219668,17
"G4500410",249817,17
"G4500410",293604,17
"G4500410",295642,17
"G4500410",298803,17
"G4500410",303703,17
"G4500410",324623,17
"G4500410",339613,17
"G4500410",339963,17
"G4500410",343698,17
"G4500410",375112,17
"G4500410",383764,17
"G4500410",394268,17
"G4500410",396552,17
"G4500410",406462,17
"G4500410",410286,17
"G4500410",418466,17
"G4500410",430952,17
"G4500410",36049,18
"G4500410",72950,18
"G4500410",88541,18
"G4500410",89254,18
"G4500410",109705,18
"G4500410",119311,18
"G4500410",138204,18
"G4500410",143297,18
"G4500410",147282,18
"G4500410",148402,18
"G4500410",164707,18
"G4500410",172672,18
"G4500410",194481,18
"G4500410",39100,19
"G4500410",87900,19
"G4500410",93306,19
"G4500410",96136,19
"G4500410",137045,19
"G4500410",153746,19
"G4500410",203559,19
"G4500410",220758,19
"G4500410",227723,19
"G4500410",293482,20
"G4500410",433720,20
"G4500410",488737,20
"G4500410",229065,21
"G4500410",299346,22
"G4500410",440028,22
"G4500430",19081,8
"G4500430",62414,8
"G4500430",226025,8
"G4500430",291172,8
"G4500430",378367,8
"G4500430",386276,8
"G4500430",475174,8
"G4500430",490375,8
"G4500430",491499,8
"G4500430",84247,9
"G4500430",255723,9
"G4500430",257714,9
"G4500430",536353,9
"G4500430",160274,10
"G4500430",378024,10
"G4500430",376586,11
"G4500430",33816,15
"G4500430",138138,15
"G4500430",190053,15
"G4500430",391456,15
"G4500430",483185,15
"G4500430",512888,15
"G4500430",535068,15
"G4500430",8414,16
"G4500430",95190,16
"G4500430",103711,16
"G4500430",110969,16
"G4500430",209373,16
"G4500430",4892,17
"G4500430",21835,17
"G4500430",28917,17
"G4500430",43309,17
"G4500430",89596,17
"G4500430",190146,17
"G4500430",197608,17
"G4500430",203576,17
"G4500430",224985,17
"G4500430",225404,17
"G4500430",281801,17
"G4500430",293273,17
"G4500430",300093,17
"G4500430",305027,17
"G4500430",344469,17
"G4500430",346217,17
"G4500430",35841,18
"G4500430",83583,18
"G4500430",84901,18
"G4500430",140619,18
"G4500430",245412,18
"G4500430",261707,18
"G4500430",282429,18
"G4500430",291166,18
"G4500430",314353,18
"G4500430",317709,18
"G4500430",320881,18
"G4500430",337252,18
"G4500430",123602,19
"G4500430",130851,19
"G4500430",189452,19
"G4500430",290839,19
"G4500430",366064,19
"G4500430",424680,19
"G4500430",549007,19
"G4500430",147852,20
"G4500430",377575,20
"G4500430",383479,20
"G4500430",281919,21
"G4500450",68486,8
"G4500450",89000,8
"G4500450",136594,8
"G4500450",158148,8
"G4500450",164039,8
"G4500450",208837,8
"G4500450",222342,8
"G4500450",249426,8
"G4500450",287291,8
"G4500450",300352,8
"G4500450",380913,8
"G4500450",424005,8
"G4500450",440321,8
"G4500450",491183,8
"G4500450",514176,8
"G4500450",534963,8
"G4500450",13637,9
"G4500450",43284,9
"G4500450",103401,9
"G4500450",117283,9
"G4500450",209888,9
"G4500450",285849,9
"G4500450",333337,9
"G4500450",341193,9
"G4500450",351427,9
"G4500450",361585,9
"G4500450",366510,9
"G4500450",379191,9
"G4500450",452984,9
"G4500450",457343,9
"G4500450",507203,9
"G4500450",532130,9
"G4500450",538170,9
"G4500450",546650,9
"G4500450",162033,10
"G4500450",244261,10
"G4500450",290333,10
"G4500450",358158,10
"G4500450",462408,10
"G4500450",96691,11
"G4500450",221352,11
"G4500450",438281,11
"G4500450",120394,13
"G4500450",71343,14
"G4500450",222607,14
"G4500450",404149,14
"G4500450",24138,15
"G4500450",29641,15
"G4500450",41784,15
"G4500450",57513,15
"G4500450",70225,15
"G4500450",72593,15
"G4500450",85820,15
"G4500450",99778,15
"G4500450",102468,15
"G4500450",113243,15
"G4500450",179350,15
"G4500450",182232,15
"G4500450",215269,15
"G4500450",230253,15
"G4500450",252030,15
"G4500450",370558,15
"G4500450",384688,15
"G4500450",385273,15
"G4500450",423022,15
"G4500450",460580,15
"G4500450",477015,15
"G4500450",511890,15
"G4500450",531308,15
"G4500450",532400,15
"G4500450",3926,16
"G4500450",7370,16
"G4500450",10861,16
"G4500450",11967,16
"G4500450",18165,16
"G4500450",18397,16
"G4500450",27686,16
"G4500450",37633,16
"G4500450",63900,16
"G4500450",67187,16
"G4500450",76897,16
"G4500450",84745,16
"G4500450",86122,16
"G4500450",88528,16
"G4500450",93120,16
"G4500450",93393,16
"G4500450",106531,16
"G4500450",110792,16
"G4500450",117428,16
"G4500450",118717,16
"G4500450",127261,16
"G4500450",145955,16
"G4500450",149827,16
"G4500450",169586,16
"G4500450",172994,16
"G4500450",181460,16
"G4500450",183800,16
"G4500450",184115,16
"G4500450",192298,16
"G4500450",193412,16
"G4500450",193681,16
"G4500450",194501,16
"G4500450",198093,16
"G4500450",220041,16
"G4500450",234003,16
"G4500450",234082,16
"G4500450",237975,16
"G4500450",242154,16
"G4500450",248578,16
"G4500450",248733,16
"G4500450",249713,16
"G4500450",581,17
"G4500450",3754,17
"G4500450",4990,17
"G4500450",7632,17
"G4500450",13458,17
"G4500450",27060,17
"G4500450",27164,17
"G4500450",30427,17
"G4500450",38154,17
"G4500450",41510,17
"G4500450",41980,17
"G4500450",45693,17
"G4500450",47056,17
"G4500450",52523,17
"G4500450",53111,17
"G4500450",55635,17
"G4500450",61448,17
"G4500450",65097,17
"G4500450",69472,17
"G4500450",77135,17
"G4500450",80771,17
"G4500450",95477,17
"G4500450",112209,17
"G4500450",115484,17
"G4500450",124625,17
"G4500450",127056,17
"G4500450",134454,17
"G4500450",136827,17
"G4500450",137383,17
"G4500450",143832,17
"G4500450",147554,17
"G4500450",149236,17
"G4500450",154859,17
"G4500450",159185,17
"G4500450",160457,17
"G4500450",166359,17
"G4500450",166704,17
"G4500450",174941,17
"G4500450",175939,17
"G4500450",175959,17
"G4500450",176175,17
"G4500450",177469,17
"G4500450",180358,17
"G4500450",182170,17
"G4500450",182172,17
"G4500450",197930,17
"G4500450",198937,17
"G4500450",200942,17
"G4500450",202376,17
"G4500450",211671,17
"G4500450",217760,17
"G4500450",224865,17
"G4500450",226138,17
"G4500450",227002,17
"G4500450",240384,17
"G4500450",242924,17
"G4500450",244014,17
"G4500450",245686,17
"G4500450",248114,17
"G4500450",251524,17
"G4500450",254324,17
"G4500450",259426,17
"G4500450",259518,17
"G4500450",261296,17
"G4500450",268226,17
"G4500450",269070,17
"G4500450",272330,17
"G4500450",284351,17
"G4500450",285404,17
"G4500450",287080,17
"G4500450",289676,17
"G4500450",291920,17
"G4500450",294649,17
"G4500450",302278,17
"G4500450",308509,17
"G4500450",310357,17
"G4500450",319198,17
"G4500450",319594,17
"G4500450",320837,17
"G4500450",328162,17
"G4500450",332906,17
"G4500450",333373,17
"G4500450",336427,17
"G4500450",337680,17
"G4500450",338377,17
"G4500450",343400,17
"G4500450",2765,18
"G4500450",10741,18
"G4500450",12449,18
"G4500450",15619,18
"G4500450",18947,18
"G4500450",23201,18
"G4500450",25478,18
"G4500450",28763,18
"G4500450",29891,18
"G4500450",34526,18
"G4500450",36698,18
"G4500450",41650,18
"G4500450",53261,18
"G4500450",54773,18
"G4500450",60714,18
"G4500450",61298,18
"G4500450",66055,18
"G4500450",66642,18
"G4500450",75602,18
"G4500450",76399,18
"G4500450",84421,18
"G4500450",93290,18
"G4500450",97158,18
"G4500450",101025,18
"G4500450",101841,18
"G4500450",106252,18
"G4500450",109205,18
"G4500450",109226,18
"G4500450",114612,18
"G4500450",116337,18
"G4500450",116394,18
"G4500450",121080,18
"G4500450",121939,18
"G4500450",122200,18
"G4500450",123027,18
"G4500450",124541,18
"G4500450",131560,18
"G4500450",131771,18
"G4500450",133832,18
"G4500450",139044,18
"G4500450",145597,18
"G4500450",147497,18
"G4500450",151772,18
"G4500450",159156,18
"G4500450",172022,18
"G4500450",173667,18
"G4500450",178336,18
"G4500450",180942,18
"G4500450",183828,18
"G4500450",184079,18
"G4500450",184978,18
"G4500450",189316,18
"G4500450",189499,18
"G4500450",192505,18
"G4500450",193200,18
"G4500450",195425,18
"G4500450",196944,18
"G4500450",198001,18
"G4500450",200651,18
"G4500450",207058,18
"G4500450",207405,18
"G4500450",207943,18
"G4500450",216941,18
"G4500450",219754,18
"G4500450",223105,18
"G4500450",230663,18
"G4500450",231845,18
"G4500450",234515,18
"G4500450",244543,18
"G4500450",247775,18
"G4500450",248222,18
"G4500450",250316,18
"G4500450",253015,18
"G4500450",253884,18
"G4500450",254051,18
"G4500450",266113,18
"G4500450",266477,18
"G4500450",274664,18
"G4500450",278659,18
"G4500450",280975,18
"G4500450",286804,18
"G4500450",299811,18
"G4500450",303138,18
"G4500450",304010,18
"G4500450",310479,18
"G4500450",310501,18
"G4500450",311970,18
"G4500450",315378,18
"G4500450",315470,18
"G4500450",315917,18
"G4500450",316859,18
"G4500450",317708,18
"G4500450",318449,18
"G4500450",319039,18
"G4500450",323016,18
"G4500450",325340,18
"G4500450",331379,18
"G4500450",331949,18
"G4500450",333497,18
"G4500450",335799,18
"G4500450",337523,18
"G4500450",346726,18
"G4500450",350755,18
"G4500450",5081,19
"G4500450",7510,19
"G4500450",15450,19
"G4500450",22891,19
"G4500450",28610,19
"G4500450",30090,19
"G4500450",33396,19
"G4500450",51062,19
"G4500450",56123,19
"G4500450",68194,19
"G4500450",81453,19
"G4500450",83813,19
"G4500450",85392,19
"G4500450",92769,19
"G4500450",98289,19
"G4500450",99308,19
"G4500450",102987,19
"G4500450",107760,19
"G4500450",108393,19
"G4500450",115529,19
"G4500450",142730,19
"G4500450",145496,19
"G4500450",145761,19
"G4500450",151086,19
"G4500450",154137,19
"G4500450",156931,19
"G4500450",158767,19
"G4500450",164000,19
"G4500450",167860,19
"G4500450",170954,19
"G4500450",172279,19
"G4500450",185271,19
"G4500450",186337,19
"G4500450",188527,19
"G4500450",192473,19
"G4500450",208068,19
"G4500450",221888,19
"G4500450",229217,19
"G4500450",231362,19
"G4500450",235447,19
"G4500450",238180,19
"G4500450",250648,19
"G4500450",255253,19
"G4500450",259248,19
"G4500450",266741,19
"G4500450",271014,19
"G4500450",277404,19
"G4500450",277716,19
"G4500450",286791,19
"G4500450",45365,20
"G4500450",67146,20
"G4500450",114714,20
"G4500450",147472,20
"G4500450",160451,20
"G4500450",163447,20
"G4500450",170525,20
"G4500450",175673,20
"G4500450",201063,20
"G4500450",223712,20
"G4500450",238787,20
"G4500450",266847,20
"G4500450",293787,20
"G4500450",297551,20
"G4500450",384195,20
"G4500450",409043,20
"G4500450",420169,20
"G4500450",420861,20
"G4500450",421040,20
"G4500450",453003,20
"G4500450",479261,20
"G4500450",493952,20
"G4500450",494024,20
"G4500450",511664,20
"G4500450",15112,21
"G4500450",120936,21
"G4500450",128996,21
"G4500450",145861,21
"G4500450",177429,21
"G4500450",224962,21
"G4500450",356639,21
"G4500450",356986,21
"G4500450",422441,21
"G4500450",491057,21
"G4500450",518767,21
"G4500470",83885,7
"G4500470",50071,8
"G4500470",233698,8
"G4500470",315383,8
"G4500470",54522,9
"G4500470",102378,9
"G4500470",222056,9
"G4500470",227728,9
"G4500470",249407,9
"G4500470",295785,9
"G4500470",363076,9
"G4500470",506575,9
"G4500470",52605,10
"G4500470",309163,10
"G4500470",438758,10
"G4500470",25561,15
"G4500470",347232,15
"G4500470",408381,15
"G4500470",46063,16
"G4500470",71092,16
"G4500470",17258,17
"G4500470",23050,17
"G4500470",67861,17
"G4500470",100970,17
"G4500470",119463,17
"G4500470",190812,17
"G4500470",204442,17
"G4500470",264018,17
"G4500470",267768,17
"G4500470",267879,17
"G4500470",291587,17
"G4500470",301740,17
"G4500470",314451,17
"G4500470",331676,17
"G4500470",349157,17
"G4500470",362784,17
"G4500470",367269,17
"G4500470",69491,18
"G4500470",91520,18
"G4500470",205377,18
"G4500470",220188,18
"G4500470",240721,18
"G4500470",243128,18
"G4500470",258708,18
"G4500470",300501,18
"G4500470",317125,18
"G4500470",318122,18
"G4500470",328486,18
"G4500470",57884,19
"G4500470",112571,19
"G4500470",177072,19
"G4500470",185252,19
"G4500470",117471,20
"G4500470",331531,20
"G4500470",503975,22
"G4500490",76723,8
"G4500490",70057,9
"G4500490",420832,9
"G4500490",73669,11
"G4500490",536412,11
"G4500490",39857,15
"G4500490",4015,16
"G4500490",384753,16
"G4500490",376920,17
"G4500490",337390,18
"G4500490",359728,18
"G4500490",519946,19
"G4500510",475443,6
"G4500510",31255,8
"G4500510",16491,9
"G4500510",50459,9
"G4500510",100623,9
"G4500510",138870,9
"G4500510",161089,9
"G4500510",11179,10
"G4500510",63536,10
"G4500510",127896,10
"G4500510",421308,10
"G4500510",450950,10
"G4500510",531238,10
"G4500510",547940,10
"G4500510",308882,11
"G4500510",101754,14
"G4500510",102677,14
"G4500510",10650,15
"G4500510",13823,15
"G4500510",51395,15
"G4500510",91004,15
"G4500510",111719,15
"G4500510",115590,15
"G4500510",126401,15
"G4500510",162387,15
"G4500510",194880,15
"G4500510",207031,15
"G4500510",212450,15
"G4500510",236267,15
"G4500510",250376,15
"G4500510",287924,15
"G4500510",311924,15
"G4500510",313924,15
"G4500510",341032,15
"G4500510",399940,15
"G4500510",453267,15
"G4500510",501844,15
"G4500510",520054,15
"G4500510",1202,16
"G4500510",4561,16
"G4500510",5248,16
"G4500510",10223,16
"G4500510",43075,16
"G4500510",50136,16
"G4500510",58256,16
"G4500510",73651,16
"G4500510",82592,16
"G4500510",83238,16
"G4500510",87992,16
"G4500510",88998,16
"G4500510",97162,16
"G4500510",102976,16
"G4500510",111968,16
"G4500510",113050,16
"G4500510",117986,16
"G4500510",120048,16
"G4500510",122468,16
"G4500510",131523,16
"G4500510",148675,16
"G4500510",148944,16
"G4500510",151141,16
"G4500510",153528,16
"G4500510",159488,16
"G4500510",174191,16
"G4500510",187936,16
"G4500510",189294,16
"G4500510",195509,16
"G4500510",212252,16
"G4500510",212438,16
"G4500510",212624,16
"G4500510",246213,16
"G4500510",254902,16
"G4500510",264176,16
"G4500510",272934,16
"G4500510",276357,16
"G4500510",7670,17
"G4500510",10048,17
"G4500510",12034,17
"G4500510",27754,17
"G4500510",32115,17
"G4500510",32588,17
"G4500510",32930,17
"G4500510",35400,17
"G4500510",36912,17
"G4500510",42212,17
"G4500510",42352,17
"G4500510",59671,17
"G4500510",66484,17
"G4500510",68773,17
"G4500510",71820,17
"G4500510",75989,17
"G4500510",84175,17
"G4500510",84189,17
"G4500510",100015,17
"G4500510",114036,17
"G4500510",119605,17
"G4500510",126708,17
"G4500510",127379,17
"G4500510",132674,17
"G4500510",142980,17
"G4500510",144112,17
"G4500510",152101,17
"G4500510",154286,17
"G4500510",159973,17
"G4500510",172892,17
"G4500510",174161,17
"G4500510",174804,17
"G4500510",189969,17
"G4500510",193718,17
"G4500510",200232,17
"G4500510",206124,17
"G4500510",213979,17
"G4500510",215875,17
"G4500510",229295,17
"G4500510",238720,17
"G4500510",259174,17
"G4500510",262141,17
"G4500510",271054,17
"G4500510",274797,17
"G4500510",277012,17
"G4500510",278750,17
"G4500510",282328,17
"G4500510",290711,17
"G4500510",291183,17
"G4500510",294268,17
"G4500510",299964,17
"G4500510",308290,17
"G4500510",312858,17
"G4500510",313739,17
"G4500510",317558,17
"G4500510",320346,17
"G4500510",324320,17
"G4500510",329837,17
"G4500510",333685,17
"G4500510",348791,17
"G4500510",355070,17
"G4500510",361910,17
"G4500510",370206,17
"G4500510",375694,17
"G4500510",375964,17
"G4500510",380983,17
"G4500510",382751,17
"G4500510",17355,18
"G4500510",17947,18
"G4500510",18885,18
"G4500510",39198,18
"G4500510",64625,18
"G4500510",80339,18
"G4500510",86777,18
"G4500510",87536,18
"G4500510",111897,18
"G4500510",112106,18
"G4500510",112292,18
"G4500510",115129,18
"G4500510",125104,18
"G4500510",126035,18
"G4500510",128567,18
"G4500510",137154,18
"G4500510",150441,18
"G4500510",151705,18
"G4500510",154817,18
"G4500510",155927,18
"G4500510",177503,18
"G4500510",184935,18
"G4500510",186673,18
"G4500510",200721,18
"G4500510",207699,18
"G4500510",208257,18
"G4500510",208371,18
"G4500510",210790,18
"G4500510",213330,18
"G4500510",226002,18
"G4500510",230082,18
"G4500510",233413,18
"G4500510",239939,18
"G4500510",247898,18
"G4500510",258923,18
"G4500510",263604,18
"G4500510",263638,18
"G4500510",274305,18
"G4500510",280250,18
"G4500510",293813,18
"G4500510",298442,18
"G4500510",302820,18
"G4500510",18769,19
"G4500510",35778,19
"G4500510",36286,19
"G4500510",48592,20
"G4500510",76811,20
"G4500510",88435,20
"G4500510",205123,20
"G4500510",214301,20
"G4500510",291103,20
"G4500510",323248,20
"G4500510",328491,20
"G4500510",369817,20
"G4500510",440475,20
"G4500510",530627,20
"G4500510",149535,21
"G4500510",272813,21
"G4500510",306689,21
"G4500510",403262,21
"G4500510",501618,21
"G4500530",126714,7
"G4500530",20799,8
"G4500530",45565,8
"G4500530",174809,8
"G4500530",9590,9
"G4500530",209925,9
"G4500530",363396,9
"G4500530",436552,14
"G4500530",187030,16
"G4500530",360863,16
"G4500530",495411,16
"G4500530",51955,17
"G4500530",114167,17
"G4500530",142919,17
"G4500530",169672,18
"G4500530",289369,18
"G4500530",89793,19
"G4500530",42807,20
"G4500550",206378,8
"G4500550",313085,8
"G4500550",422622,8
"G4500550",92476,9
"G4500550",150721,9
"G4500550",393779,9
"G4500550",542848,9
"G4500550",127411,10
"G4500550",501625,10
"G4500550",90320,15
"G4500550",513041,15
"G4500550",36499,16
"G4500550",38477,16
"G4500550",77641,16
"G4500550",95576,16
"G4500550",161270,16
"G4500550",201563,16
"G4500550",256553,16
"G4500550",4645,17
"G4500550",38708,17
"G4500550",82858,17
"G4500550",97791,17
"G4500550",106839,17
"G4500550",164336,17
"G4500550",165303,17
"G4500550",169687,17
"G4500550",190429,17
"G4500550",233297,17
"G4500550",247220,17
"G4500550",256783,17
"G4500550",260292,17
"G4500550",11710,18
"G4500550",24751,18
"G4500550",31434,18
"G4500550",95628,18
"G4500550",134817,18
"G4500550",171649,18
"G4500550",193618,18
"G4500550",210984,18
"G4500550",34311,19
"G4500550",111057,19
"G4500550",210637,20
"G4500550",86423,21
"G4500550",273829,21
"G4500570",44100,8
"G4500570",98312,8
"G4500570",161958,8
"G4500570",183878,8
"G4500570",200188,8
"G4500570",232717,8
"G4500570",379847,8
"G4500570",418711,8
"G4500570",24906,9
"G4500570",95304,9
"G4500570",159477,9
"G4500570",227397,9
"G4500570",240695,9
"G4500570",278519,9
"G4500570",305274,9
"G4500570",465908,9
"G4500570",520214,9
"G4500570",43135,10
"G4500570",232730,10
"G4500570",67470,15
"G4500570",71895,15
"G4500570",109424,15
"G4500570",54940,16
"G4500570",108625,16
"G4500570",122367,16
"G4500570",176692,16
"G4500570",200657,16
"G4500570",225919,16
"G4500570",30656,17
"G4500570",46211,17
"G4500570",49858,17
"G4500570",199125,17
"G4500570",231747,17
"G4500570",307791,17
"G4500570",312478,17
"G4500570",321387,17
"G4500570",323848,17
"G4500570",340601,17
"G4500570",346457,17
"G4500570",14108,18
"G4500570",36100,18
"G4500570",39232,18
"G4500570",51317,18
"G4500570",79583,18
"G4500570",80170,18
"G4500570",84657,18
"G4500570",91285,18
"G4500570",123217,18
"G4500570",135296,18
"G4500570",155233,18
"G4500570",178932,18
"G4500570",193157,18
"G4500570",262029,18
"G4500570",271856,18
"G4500570",106558,19
"G4500570",135925,19
"G4500570",153323,19
"G4500570",226786,19
"G4500570",247954,19
"G4500570",351926,19
"G4500570",368203,19
"G4500570",501657,19
"G4500570",519021,19
"G4500570",9885,20
"G4500570",209727,20
"G4500570",426625,20
"G4500570",79032,21
"G4500590",161061,8
"G4500590",449449,8
"G4500590",549714,8
"G4500590",90249,9
"G4500590",128051,9
"G4500590",154892,9
"G4500590",212399,9
"G4500590",309943,12
"G4500590",168516,14
"G4500590",285066,14
"G4500590",97728,16
"G4500590",144192,16
"G4500590",149662,16
"G4500590",162182,16
"G4500590",63518,17
"G4500590",66610,17
"G4500590",74770,17
"G4500590",112148,17
"G4500590",130278,17
"G4500590",132321,17
"G4500590",228670,17
"G4500590",228800,17
"G4500590",237695,17
"G4500590",300576,17
"G4500590",314789,17
"G4500590",322888,17
"G4500590",6392,18
"G4500590",6431,18
"G4500590",10601,18
"G4500590",15481,18
"G4500590",184044,18
"G4500590",204843,18
"G4500590",232399,18
"G4500590",232697,18
"G4500590",246986,18
"G4500590",264830,18
"G4500590",278719,18
"G4500590",295810,18
"G4500590",21870,19
"G4500590",36692,19
"G4500590",99110,19
"G4500590",126471,19
"G4500590",194567,19
"G4500590",244447,19
"G4500590",250592,19
"G4500590",242372,20
"G4500590",286189,20
"G4500590",340075,20
"G4500610",6549,8
"G4500610",18653,8
"G4500610",467271,9
"G4500610",110590,10
"G4500610",120399,16
"G4500610",137744,16
"G4500610",211555,16
"G4500610",441768,17
"G4500610",38774,18
"G4500610",173693,18
"G4500610",263096,18
"G4500610",304582,18
"G4500610",474716,21
"G4500610",253867,23
"G4500630",60442,8
"G4500630",123844,8
"G4500630",258724,8
"G4500630",262578,8
"G4500630",286448,8
"G4500630",314667,8
"G4500630",436425,8
"G4500630",476949,8
"G4500630",483979,8
"G4500630",495932,8
"G4500630",502775,8
"G4500630",507497,8
"G4500630",542511,8
"G4500630",141608,9
"G4500630",245404,9
"G4500630",259146,9
"G4500630",278242,9
"G4500630",300952,9
"G4500630",414824,9
"G4500630",465511,9
"G4500630",540901,9
"G4500630",543227,9
"G4500630",81525,10
"G4500630",87763,10
"G4500630",207834,10
"G4500630",302258,11
"G4500630",15946,14
"G4500630",28430,14
"G4500630",152776,14
"G4500630",177486,14
"G4500630",205371,14
"G4500630",268693,14
"G4500630",380087,14
"G4500630",526431,14
"G4500630",26735,15
"G4500630",66255,15
"G4500630",105452,15
"G4500630",118951,15
"G4500630",150750,15
"G4500630",180344,15
"G4500630",204024,15
"G4500630",207223,15
"G4500630",249570,15
"G4500630",391149,15
"G4500630",395766,15
"G4500630",402137,15
"G4500630",404438,15
"G4500630",416972,15
"G4500630",479783,15
"G4500630",483154,15
"G4500630",491526,15
"G4500630",499068,15
"G4500630",527229,15
"G4500630",14792,16
"G4500630",29518,16
"G4500630",38527,16
"G4500630",38575,16
"G4500630",44029,16
"G4500630",66081,16
"G4500630",75002,16
"G4500630",86732,16
"G4500630",87815,16
"G4500630",105008,16
"G4500630",122619,16
"G4500630",133456,16
"G4500630",143635,16
"G4500630",147478,16
"G4500630",150394,16
"G4500630",158365,16
"G4500630",162389,16
"G4500630",174310,16
"G4500630",202542,16
"G4500630",203223,16
"G4500630",204125,16
"G4500630",25523,17
"G4500630",41807,17
"G4500630",45840,17
"G4500630",46307,17
"G4500630",54582,17
"G4500630",58181,17
"G4500630",59451,17
"G4500630",64499,17
"G4500630",69970,17
"G4500630",72383,17
"G4500630",76106,17
"G4500630",77043,17
"G4500630",82194,17
"G4500630",85927,17
"G4500630",91173,17
"G4500630",96295,17
"G4500630",100164,17
"G4500630",102652,17
"G4500630",122944,17
"G4500630",125864,17
"G4500630",126522,17
"G4500630",131132,17
"G4500630",134998,17
"G4500630",152734,17
"G4500630",152992,17
"G4500630",153232,17
"G4500630",156953,17
"G4500630",159613,17
"G4500630",161068,17
"G4500630",168255,17
"G4500630",169170,17
"G4500630",172160,17
"G4500630",174683,17
"G4500630",176206,17
"G4500630",204880,17
"G4500630",205629,17
"G4500630",209856,17
"G4500630",211075,17
"G4500630",223405,17
"G4500630",240199,17
"G4500630",244143,17
"G4500630",253091,17
"G4500630",256018,17
"G4500630",262916,17
"G4500630",266840,17
"G4500630",282561,17
"G4500630",285281,17
"G4500630",293129,17
"G4500630",299217,17
"G4500630",299402,17
"G4500630",305372,17
"G4500630",306001,17
"G4500630",309682,17
"G4500630",311139,17
"G4500630",313509,17
"G4500630",315629,17
"G4500630",323241,17
"G4500630",323472,17
"G4500630",327454,17
"G4500630",337176,17
"G4500630",338114,17
"G4500630",348160,17
"G4500630",359949,17
"G4500630",361649,17
"G4500630",363359,17
"G4500630",376624,17
"G4500630",380647,17
"G4500630",389525,17
"G4500630",405427,17
"G4500630",405910,17
"G4500630",7829,18
"G4500630",9496,18
"G4500630",10900,18
"G4500630",11574,18
"G4500630",25700,18
"G4500630",28696,18
"G4500630",28837,18
"G4500630",32027,18
"G4500630",37484,18
"G4500630",37983,18
"G4500630",53167,18
"G4500630",62642,18
"G4500630",86268,18
"G4500630",95462,18
"G4500630",97110,18
"G4500630",100020,18
"G4500630",105234,18
"G4500630",106203,18
"G4500630",112227,18
"G4500630",118477,18
"G4500630",123394,18
"G4500630",131382,18
"G4500630",144130,18
"G4500630",163303,18
"G4500630",193041,18
"G4500630",218373,18
"G4500630",218503,18
"G4500630",227084,18
"G4500630",236167,18
"G4500630",242680,18
"G4500630",252215,18
"G4500630",257222,18
"G4500630",259463,18
"G4500630",270023,18
"G4500630",274947,18
"G4500630",282386,18
"G4500630",293867,18
"G4500630",297913,18
"G4500630",300425,18
"G4500630",315786,18
"G4500630",323508,18
"G4500630",324566,18
"G4500630",329260,18
"G4500630",329276,18
"G4500630",340655,18
"G4500630",353282,18
"G4500630",358313,18
"G4500630",362470,18
"G4500630",4391,19
"G4500630",6816,19
"G4500630",7576,19
"G4500630",11524,19
"G4500630",34960,19
"G4500630",58417,19
"G4500630",64482,19
"G4500630",64615,19
"G4500630",64977,19
"G4500630",75004,19
"G4500630",77525,19
"G4500630",84626,19
"G4500630",96795,19
"G4500630",100768,19
"G4500630",108706,19
"G4500630",115598,19
"G4500630",129489,19
"G4500630",174426,19
"G4500630",175724,19
"G4500630",179306,19
"G4500630",38235,20
"G4500630",94134,20
"G4500630",161826,20
"G4500630",221069,20
"G4500630",242217,20
"G4500630",278443,20
"G4500630",318688,20
"G4500630",334872,20
"G4500630",343454,20
"G4500630",356387,20
"G4500630",416692,20
"G4500630",500077,20
"G4500630",547675,20
"G4500630",39573,21
"G4500630",435803,21
"G4500630",265226,22
"G4500630",532280,22
"G4500650",253643,8
"G4500650",271060,9
"G4500650",48153,16
"G4500650",121682,16
"G4500650",496220,16
"G4500650",146939,17
"G4500650",24536,18
"G4500650",61952,19
"G4500650",279055,20
"G4500670",50236,8
"G4500670",69968,8
"G4500670",232666,8
"G4500670",38863,9
"G4500670",131873,9
"G4500670",171866,9
"G4500670",446857,9
"G4500670",397039,10
"G4500670",1514,16
"G4500670",114508,17
"G4500670",301154,17
"G4500670",452538,17
"G4500670",459983,17
"G4500670",256084,18
"G4500670",324406,19
"G4500670",416809,19
"G4500670",428318,19
"G4500690",217015,9
"G4500690",150184,15
"G4500690",345012,15
"G4500690",26476,16
"G4500690",57887,16
"G4500690",11973,17
"G4500690",27744,17
"G4500690",98829,17
"G4500690",102063,17
"G4500690",104124,17
"G4500690",186445,17
"G4500690",258071,17
"G4500690",277601,17
"G4500690",93784,18
"G4500690",350714,19
"G4500690",406522,19
"G4500690",438044,19
"G4500690",510080,19
"G4500690",186864,20
"G4500690",414309,20
"G4500690",438904,20
"G4500710",15844,8
"G4500710",212106,8
"G4500710",304832,9
"G4500710",344100,9
"G4500710",125701,15
"G4500710",325522,15
"G4500710",439689,15
"G4500710",69859,16
"G4500710",119165,16
"G4500710",126255,16
"G4500710",144822,16
"G4500710",196042,16
"G4500710",2986,17
"G4500710",59053,17
"G4500710",148746,17
"G4500710",149980,17
"G4500710",198216,17
"G4500710",221299,17
"G4500710",274184,17
"G4500710",299483,17
"G4500710",301815,17
"G4500710",500,18
"G4500710",40447,18
"G4500710",252173,18
"G4500710",5408,19
"G4500710",124332,19
"G4500710",160591,19
"G4500710",196963,19
"G4500710",300791,19
"G4500710",312890,19
"G4500710",361342,19
"G4500710",76071,20
"G4500710",159474,20
"G4500710",321167,20
"G4500730",37800,8
"G4500730",112055,8
"G4500730",220972,8
"G4500730",292753,8
"G4500730",330008,8
"G4500730",350634,8
"G4500730",364463,8
"G4500730",364865,8
"G4500730",379512,8
"G4500730",76460,9
"G4500730",145702,9
"G4500730",145887,9
"G4500730",268257,9
"G4500730",497556,9
"G4500730",92067,11
"G4500730",35982,15
"G4500730",221417,15
"G4500730",372296,15
"G4500730",471309,15
"G4500730",489750,15
"G4500730",121,16
"G4500730",1961,16
"G4500730",25112,16
"G4500730",137588,16
"G4500730",215505,16
"G4500730",241401,16
"G4500730",2886,17
"G4500730",5579,17
"G4500730",39860,17
"G4500730",95094,17
"G4500730",97679,17
"G4500730",99282,17
"G4500730",135485,17
"G4500730",138596,17
"G4500730",148078,17
"G4500730",160386,17
"G4500730",221634,17
"G4500730",226818,17
"G4500730",331821,17
"G4500730",335540,17
"G4500730",351133,17
"G4500730",351272,17
"G4500730",356110,17
"G4500730",357344,17
"G4500730",374460,17
"G4500730",382815,17
"G4500730",389908,17
"G4500730",391469,17
"G4500730",396184,17
"G4500730",396637,17
"G4500730",45808,18
"G4500730",61520,18
"G4500730",98644,18
"G4500730",99256,18
"G4500730",129456,18
"G4500730",151891,18
"G4500730",202362,18
"G4500730",258491,18
"G4500730",276993,18
"G4500730",279363,18
"G4500730",314209,18
"G4500730",325463,18
"G4500730",347121,18
"G4500730",41752,19
"G4500730",83118,19
"G4500730",110817,19
"G4500730",131951,19
"G4500730",146532,19
"G4500730",381770,19
"G4500730",393427,19
"G4500730",452726,19
"G4500730",501014,19
"G4500730",517489,19
"G4500730",539737,19
"G4500730",291718,20
"G4500730",511025,20
"G4500730",441515,21
"G4500750",20215,8
"G4500750",47070,8
"G4500750",54105,8
"G4500750",58451,8
"G4500750",123503,8
"G4500750",162280,8
"G4500750",461471,8
"G4500750",507873,8
"G4500750",11731,9
"G4500750",27651,9
"G4500750",38652,9
"G4500750",69832,9
"G4500750",228931,9
"G4500750",314405,10
"G4500750",127193,11
"G4500750",229538,14
"G4500750",475915,14
"G4500750",130944,15
"G4500750",148250,15
"G4500750",327225,15
"G4500750",443744,15
"G4500750",3035,16
"G4500750",21060,16
"G4500750",39946,16
"G4500750",62406,16
"G4500750",110791,16
"G4500750",126807,16
"G4500750",127106,16
"G4500750",133005,16
"G4500750",1801,17
"G4500750",3891,17
"G4500750",30603,17
"G4500750",43430,17
"G4500750",66593,17
"G4500750",96853,17
"G4500750",156173,17
"G4500750",166029,17
"G4500750",202975,17
"G4500750",219004,17
"G4500750",231066,17
"G4500750",244361,17
"G4500750",291807,17
"G4500750",356604,17
"G4500750",364901,17
"G4500750",373857,17
"G4500750",384484,17
"G4500750",403872,17
"G4500750",426797,17
"G4500750",2270,18
"G4500750",16515,18
"G4500750",27371,18
"G4500750",107763,18
"G4500750",132779,18
"G4500750",135778,18
"G4500750",136066,18
"G4500750",168664,18
"G4500750",172404,18
"G4500750",173882,18
"G4500750",2521,19
"G4500750",50050,20
"G4500750",298796,20
"G4500750",308519,20
"G4500750",471150,20
"G4500750",278522,21
"G4500750",406908,21
"G4500750",513039,21
"G4500750",64598,22
"G4500770",77039,8
"G4500770",80567,8
"G4500770",86396,8
"G4500770",129574,9
"G4500770",182913,9
"G4500770",202629,9
"G4500770",232693,9
"G4500770",271164,9
"G4500770",368285,10
"G4500770",483314,11
"G4500770",30360,14
"G4500770",7410,15
"G4500770",52374,15
"G4500770",141551,15
"G4500770",456765,15
"G4500770",46767,16
"G4500770",52004,16
"G4500770",121619,16
"G4500770",132225,16
"G4500770",156769,16
"G4500770",167542,16
"G4500770",192315,16
"G4500770",192959,16
"G4500770",224833,16
"G4500770",249669,16
"G4500770",269694,16
"G4500770",5898,17
"G4500770",11220,17
"G4500770",19841,17
"G4500770",20332,17
"G4500770",26244,17
"G4500770",27756,17
"G4500770",75105,17
"G4500770",93794,17
"G4500770",107045,17
"G4500770",119499,17
"G4500770",133285,17
"G4500770",159795,17
"G4500770",181731,17
"G4500770",185013,17
"G4500770",199536,17
"G4500770",207123,17
"G4500770",20786,18
"G4500770",66925,18
"G4500770",93133,18
"G4500770",103213,18
"G4500770",119613,18
"G4500770",134726,18
"G4500770",138311,18
"G4500770",147663,18
"G4500770",147670,18
"G4500770",233911,18
"G4500770",250191,18
"G4500770",250910,18
"G4500770",262190,18
"G4500770",265485,18
"G4500770",284165,18
"G4500770",295973,18
"G4500770",308427,18
"G4500770",341822,18
"G4500770",342616,18
"G4500770",357229,18
"G4500770",373811,18
"G4500770",374143,18
"G4500770",396008,18
"G4500770",398447,18
"G4500770",412678,18
"G4500770",421869,18
"G4500770",17638,19
"G4500770",17778,19
"G4500770",66486,19
"G4500770",106364,19
"G4500770",120953,19
"G4500770",155457,19
"G4500770",13253,20
"G4500770",76682,20
"G4500770",264655,20
"G4500770",47024,21
"G4500770",509951,21
"G4500790",23602,8
"G4500790",112168,8
"G4500790",115992,8
"G4500790",160277,8
"G4500790",231372,8
"G4500790",232813,8
"G4500790",239875,8
"G4500790",385221,8
"G4500790",400448,8
"G4500790",404001,8
"G4500790",433608,8
"G4500790",446304,8
"G4500790",457365,8
"G4500790",467352,8
"G4500790",469146,8
"G4500790",470831,8
"G4500790",9420,9
"G4500790",48226,9
"G4500790",49881,9
"G4500790",94469,9
"G4500790",98779,9
"G4500790",100540,9
"G4500790",129528,9
"G4500790",136076,9
"G4500790",145317,9
"G4500790",175260,9
"G4500790",218731,9
"G4500790",245355,9
"G4500790",309435,9
"G4500790",325785,9
"G4500790",369711,9
"G4500790",426880,9
"G4500790",437157,9
"G4500790",444185,9
"G4500790",486492,9
"G4500790",512708,9
"G4500790",522035,9
"G4500790",525526,9
"G4500790",543702,9
"G4500790",111232,10
"G4500790",153717,10
"G4500790",223176,10
"G4500790",534936,10
"G4500790",286642,11
"G4500790",482829,11
"G4500790",393155,12
"G4500790",408534,13
"G4500790",5591,14
"G4500790",419530,14
"G4500790",516494,14
"G4500790",9738,15
"G4500790",47448,15
"G4500790",56573,15
"G4500790",64150,15
"G4500790",69278,15
"G4500790",107701,15
"G4500790",113497,15
"G4500790",141180,15
"G4500790",147088,15
"G4500790",196429,15
"G4500790",230162,15
"G4500790",246328,15
"G4500790",277187,15
"G4500790",283611,15
"G4500790",289408,15
"G4500790",295866,15
"G4500790",313920,15
"G4500790",342845,15
"G4500790",382806,15
"G4500790",400649,15
"G4500790",441689,15
"G4500790",457641,15
"G4500790",472354,15
"G4500790",490108,15
"G4500790",519422,15
"G4500790",539700,15
"G4500790",541600,15
"G4500790",545049,15
"G4500790",1220,16
"G4500790",5963,16
"G4500790",10847,16
"G4500790",11084,16
"G4500790",23626,16
"G4500790",28211,16
"G4500790",38325,16
"G4500790",66068,16
"G4500790",76278,16
"G4500790",92667,16
"G4500790",101735,16
"G4500790",110107,16
"G4500790",110113,16
"G4500790",114394,16
"G4500790",123703,16
"G4500790",124391,16
"G4500790",130489,16
"G4500790",140828,16
"G4500790",147804,16
"G4500790",172840,16
"G4500790",174344,16
"G4500790",178851,16
"G4500790",184769,16
"G4500790",188467,16
"G4500790",191258,16
"G4500790",194656,16
"G4500790",201753,16
"G4500790",207691,16
"G4500790",220654,16
"G4500790",224104,16
"G4500790",232589,16
"G4500790",234721,16
"G4500790",236913,16
"G4500790",245893,16
"G4500790",248017,16
"G4500790",257810,16
"G4500790",268449,16
"G4500790",280658,16
"G4500790",283178,16
"G4500790",284132,16
"G4500790",287330,16
"G4500790",289513,16
"G4500790",296384,16
"G4500790",298170,16
"G4500790",306850,16
"G4500790",308995,16
"G4500790",9361,17
"G4500790",11732,17
"G4500790",12938,17
"G4500790",16825,17
"G4500790",18941,17
"G4500790",21824,17
"G4500790",37915,17
"G4500790",40296,17
"G4500790",40893,17
"G4500790",44652,17
"G4500790",47876,17
"G4500790",48540,17
"G4500790",52445,17
"G4500790",53902,17
"G4500790",54636,17
"G4500790",63521,17
"G4500790",63673,17
"G4500790",70244,17
"G4500790",76580,17
"G4500790",84861,17
"G4500790",87869,17
"G4500790",88920,17
"G4500790",95486,17
"G4500790",99189,17
"G4500790",101585,17
"G4500790",102037,17
"G4500790",102966,17
"G4500790",106650,17
"G4500790",108300,17
"G4500790",110571,17
"G4500790",124139,17
"G4500790",128261,17
"G4500790",138423,17
"G4500790",147162,17
"G4500790",148291,17
"G4500790",153617,17
"G4500790",165268,17
"G4500790",166694,17
"G4500790",170869,17
"G4500790",172934,17
"G4500790",175948,17
"G4500790",176228,17
"G4500790",176424,17
"G4500790",179166,17
"G4500790",179251,17
"G4500790",186688,17
"G4500790",195852,17
"G4500790",196677,17
"G4500790",197127,17
"G4500790",209172,17
"G4500790",217074,17
"G4500790",217241,17
"G4500790",228730,17
"G4500790",237860,17
"G4500790",237990,17
"G4500790",238705,17
"G4500790",239002,17
"G4500790",239498,17
"G4500790",245572,17
"G4500790",249824,17
"G4500790",255698,17
"G4500790",259569,17
"G4500790",259732,17
"G4500790",263524,17
"G4500790",269845,17
"G4500790",278704,17
"G4500790",280008,17
"G4500790",281510,17
"G4500790",286083,17
"G4500790",288688,17
"G4500790",296793,17
"G4500790",315594,17
"G4500790",315682,17
"G4500790",323150,17
"G4500790",326861,17
"G4500790",326950,17
"G4500790",341768,17
"G4500790",348514,17
"G4500790",504,18
"G4500790",2934,18
"G4500790",17172,18
"G4500790",22139,18
"G4500790",28700,18
"G4500790",34128,18
"G4500790",37845,18
"G4500790",49096,18
"G4500790",51607,18
"G4500790",62528,18
"G4500790",64214,18
"G4500790",78782,18
"G4500790",83845,18
"G4500790",84915,18
"G4500790",98473,18
"G4500790",112838,18
"G4500790",115108,18
"G4500790",119053,18
"G4500790",120826,18
"G4500790",128274,18
"G4500790",131351,18
"G4500790",133236,18
"G4500790",137044,18
"G4500790",140651,18
"G4500790",152797,18
"G4500790",160779,18
"G4500790",169721,18
"G4500790",185806,18
"G4500790",188520,18
"G4500790",195530,18
"G4500790",196652,18
"G4500790",197862,18
"G4500790",203971,18
"G4500790",221379,18
"G4500790",234990,18
"G4500790",248431,18
"G4500790",261090,18
"G4500790",261626,18
"G4500790",262826,18
"G4500790",264963,18
"G4500790",275158,18
"G4500790",281810,18
"G4500790",286072,18
"G4500790",288740,18
"G4500790",303802,18
"G4500790",306647,18
"G4500790",306717,18
"G4500790",314453,18
"G4500790",316164,18
"G4500790",323015,18
"G4500790",325464,18
"G4500790",333918,18
"G4500790",337612,18
"G4500790",341162,18
"G4500790",342249,18
"G4500790",347490,18
"G4500790",349394,18
"G4500790",350821,18
"G4500790",352846,18
"G4500790",360373,18
"G4500790",363156,18
"G4500790",363835,18
"G4500790",367312,18
"G4500790",367402,18
"G4500790",373965,18
"G4500790",376266,18
"G4500790",381971,18
"G4500790",385445,18
"G4500790",388948,18
"G4500790",389511,18
"G4500790",397750,18
"G4500790",398851,18
"G4500790",400713,18
"G4500790",405098,18
"G4500790",409447,18
"G4500790",413388,18
"G4500790",415306,18
"G4500790",421573,18
"G4500790",424212,18
"G4500790",428808,18
"G4500790",429152,18
"G4500790",433737,18
"G4500790",20380,19
"G4500790",27722,19
"G4500790",30982,19
"G4500790",32766,19
"G4500790",34522,19
"G4500790",49656,19
"G4500790",92042,19
"G4500790",97982,19
"G4500790",98010,19
"G4500790",106606,19
"G4500790",111111,19
"G4500790",114175,19
"G4500790",116306,19
"G4500790",128899,19
"G4500790",134024,19
"G4500790",145297,19
"G4500790",187320,19
"G4500790",198483,19
"G4500790",39794,20
"G4500790",63043,20
"G4500790",66354,20
"G4500790",140928,20
"G4500790",225063,20
"G4500790",329536,20
"G4500790",358940,20
"G4500790",369493,20
"G4500790",389209,20
"G4500790",415103,20
"G4500790",418635,20
"G4500790",420403,20
"G4500790",426313,20
"G4500790",431769,20
"G4500790",486011,20
"G4500790",508917,20
"G4500790",525132,20
"G4500790",250534,21
"G4500790",276164,21
"G4500790",409360,21
"G4500790",269498,22
"G4500810",344289,9
"G4500810",200916,12
"G4500810",504351,15
"G4500810",136236,17
"G4500810",382202,17
"G4500810",393306,17
"G4500810",191001,18
"G4500810",340864,18
"G4500810",353752,18
"G4500810",103412,19
"G4500810",112833,19
"G4500810",232570,19
"G4500810",254161,19
"G4500810",352400,19
"G4500810",136421,20
"G4500810",423419,20
"G4500830",31664,8
"G4500830",100694,8
"G4500830",128207,8
"G4500830",136450,8
"G4500830",137194,8
"G4500830",144404,8
"G4500830",215513,8
"G4500830",341360,8
"G4500830",397427,8
"G4500830",401847,8
"G4500830",430158,8
"G4500830",436048,8
"G4500830",462672,8
"G4500830",473787,8
"G4500830",60002,9
"G4500830",71866,9
"G4500830",92598,9
"G4500830",121616,9
"G4500830",193018,9
"G4500830",220628,9
"G4500830",244067,9
"G4500830",269077,9
"G4500830",277863,9
"G4500830",444697,9
"G4500830",516210,9
"G4500830",97301,10
"G4500830",203993,10
"G4500830",303044,10
"G4500830",331559,10
"G4500830",440286,10
"G4500830",465988,10
"G4500830",399335,13
"G4500830",14691,15
"G4500830",32138,15
"G4500830",76676,15
"G4500830",124446,15
"G4500830",208651,15
"G4500830",219775,15
"G4500830",234412,15
"G4500830",253899,15
"G4500830",259582,15
"G4500830",275725,15
"G4500830",314315,15
"G4500830",372192,15
"G4500830",412495,15
"G4500830",446058,15
"G4500830",468020,15
"G4500830",496010,15
"G4500830",523360,15
"G4500830",5160,16
"G4500830",11439,16
"G4500830",14357,16
"G4500830",22775,16
"G4500830",34868,16
"G4500830",45080,16
"G4500830",45787,16
"G4500830",49484,16
"G4500830",56770,16
"G4500830",60361,16
"G4500830",64603,16
"G4500830",67609,16
"G4500830",72814,16
"G4500830",75487,16
"G4500830",99488,16
"G4500830",106554,16
"G4500830",110270,16
"G4500830",118118,16
"G4500830",122785,16
"G4500830",124423,16
"G4500830",134833,16
"G4500830",135682,16
"G4500830",144855,16
"G4500830",147323,16
"G4500830",152536,16
"G4500830",158871,16
"G4500830",172543,16
"G4500830",179732,16
"G4500830",189196,16
"G4500830",189636,16
"G4500830",196933,16
"G4500830",7945,17
"G4500830",27511,17
"G4500830",32849,17
"G4500830",36212,17
"G4500830",39257,17
"G4500830",40466,17
"G4500830",45284,17
"G4500830",49444,17
"G4500830",50790,17
"G4500830",50824,17
"G4500830",69794,17
"G4500830",70412,17
"G4500830",75945,17
"G4500830",79640,17
"G4500830",79955,17
"G4500830",88867,17
"G4500830",91964,17
"G4500830",103776,17
"G4500830",112811,17
"G4500830",117466,17
"G4500830",123987,17
"G4500830",129271,17
"G4500830",129449,17
"G4500830",134280,17
"G4500830",144956,17
"G4500830",145200,17
"G4500830",145456,17
"G4500830",147770,17
"G4500830",153515,17
"G4500830",171383,17
"G4500830",174091,17
"G4500830",177338,17
"G4500830",181572,17
"G4500830",192306,17
"G4500830",193152,17
"G4500830",212797,17
"G4500830",215797,17
"G4500830",215849,17
"G4500830",215865,17
"G4500830",218916,17
"G4500830",234170,17
"G4500830",248362,17
"G4500830",250374,17
"G4500830",250680,17
"G4500830",253964,17
"G4500830",257391,17
"G4500830",271617,17
"G4500830",278593,17
"G4500830",279042,17
"G4500830",285236,17
"G4500830",301759,17
"G4500830",315183,17
"G4500830",316907,17
"G4500830",318749,17
"G4500830",320000,17
"G4500830",320036,17
"G4500830",325201,17
"G4500830",326377,17
"G4500830",327782,17
"G4500830",336730,17
"G4500830",344513,17
"G4500830",351266,17
"G4500830",357377,17
"G4500830",366348,17
"G4500830",368966,17
"G4500830",373271,17
"G4500830",373810,17
"G4500830",376928,17
"G4500830",378840,17
"G4500830",381845,17
"G4500830",385738,17
"G4500830",391568,17
"G4500830",395303,17
"G4500830",862,18
"G4500830",9468,18
"G4500830",9653,18
"G4500830",20474,18
"G4500830",25843,18
"G4500830",30594,18
"G4500830",35622,18
"G4500830",41530,18
"G4500830",49618,18
"G4500830",52973,18
"G4500830",56943,18
"G4500830",64369,18
"G4500830",68674,18
"G4500830",69635,18
"G4500830",70940,18
"G4500830",71892,18
"G4500830",77435,18
"G4500830",93841,18
"G4500830",96990,18
"G4500830",127711,18
"G4500830",136358,18
"G4500830",137397,18
"G4500830",141195,18
"G4500830",165648,18
"G4500830",165790,18
"G4500830",174162,18
"G4500830",174693,18
"G4500830",184432,18
"G4500830",189178,18
"G4500830",191015,18
"G4500830",192454,18
"G4500830",203328,18
"G4500830",209953,18
"G4500830",210705,18
"G4500830",226133,18
"G4500830",228907,18
"G4500830",229645,18
"G4500830",231374,18
"G4500830",232337,18
"G4500830",233462,18
"G4500830",253659,18
"G4500830",253678,18
"G4500830",253823,18
"G4500830",262872,18
"G4500830",270215,18
"G4500830",273326,18
"G4500830",280672,18
"G4500830",284016,18
"G4500830",291699,18
"G4500830",294157,18
"G4500830",296732,18
"G4500830",298589,18
"G4500830",299608,18
"G4500830",300201,18
"G4500830",302061,18
"G4500830",302762,18
"G4500830",310731,18
"G4500830",316711,18
"G4500830",342738,18
"G4500830",343704,18
"G4500830",2993,19
"G4500830",22737,19
"G4500830",33424,19
"G4500830",55646,19
"G4500830",58609,19
"G4500830",118895,19
"G4500830",135528,19
"G4500830",155113,19
"G4500830",170513,19
"G4500830",13144,20
"G4500830",25464,20
"G4500830",81658,20
"G4500830",93480,20
"G4500830",99562,20
"G4500830",124767,20
"G4500830",173317,20
"G4500830",214522,20
"G4500830",259727,20
"G4500830",306481,20
"G4500830",395430,20
"G4500830",401292,20
"G4500830",452556,20
"G4500830",469777,20
"G4500830",483316,20
"G4500830",491077,20
"G4500830",497582,20
"G4500830",535532,20
"G4500830",125816,21
"G4500830",468173,21
"G4500830",102968,22
"G4500850",12663,8
"G4500850",84172,8
"G4500850",106699,8
"G4500850",154494,8
"G4500850",188211,8
"G4500850",212289,8
"G4500850",444570,8
"G4500850",458850,8
"G4500850",523538,8
"G4500850",546588,8
"G4500850",219665,9
"G4500850",243669,9
"G4500850",249930,9
"G4500850",370360,9
"G4500850",362514,10
"G4500850",408594,10
"G4500850",430444,10
"G4500850",328489,11
"G4500850",313261,14
"G4500850",379230,14
"G4500850",80041,15
"G4500850",103573,15
"G4500850",167834,15
"G4500850",240226,15
"G4500850",255284,15
"G4500850",267443,15
"G4500850",421897,15
"G4500850",130136,16
"G4500850",156046,16
"G4500850",172571,16
"G4500850",181182,16
"G4500850",233011,16
"G4500850",12768,17
"G4500850",63634,17
"G4500850",123091,17
"G4500850",132161,17
"G4500850",139327,17
"G4500850",142432,17
"G4500850",150975,17
"G4500850",168335,17
"G4500850",199270,17
"G4500850",202735,17
"G4500850",209530,17
"G4500850",215141,17
"G4500850",218589,17
"G4500850",241912,17
"G4500850",260194,17
"G4500850",269561,17
"G4500850",318652,17
"G4500850",319951,17
"G4500850",337044,17
"G4500850",341838,17
"G4500850",355073,17
"G4500850",384855,17
"G4500850",393765,17
"G4500850",419395,17
"G4500850",440543,17
"G4500850",38318,18
"G4500850",67069,18
"G4500850",85891,18
"G4500850",141473,18
"G4500850",273044,18
"G4500850",48717,19
"G4500850",51943,19
"G4500850",59989,19
"G4500850",103316,19
"G4500850",115431,19
"G4500850",218544,19
"G4500850",5051,20
"G4500850",156829,20
"G4500850",169962,20
"G4500850",333503,20
"G4500850",376771,20
"G4500850",444243,20
"G4500850",499505,20
"G4500870",106229,8
"G4500870",437738,8
"G4500870",527615,8
"G4500870",530315,8
"G4500870",138839,9
"G4500870",379022,9
"G4500870",256210,10
"G4500870",342954,10
"G4500870",160553,11
"G4500870",4498,16
"G4500870",77927,16
"G4500870",12124,17
"G4500870",42475,17
"G4500870",206233,17
"G4500870",223814,17
"G4500870",253636,17
"G4500870",261511,17
"G4500870",78236,18
"G4500870",118696,18
"G4500870",148889,18
"G4500870",85995,19
"G4500870",10529,20
"G4500870",131004,20
"G4500870",400305,20
"G4500870",134679,21
"G4500890",188509,8
"G4500890",288647,8
"G4500890",525298,8
"G4500890",253832,9
"G4500890",263041,9
"G4500890",68597,15
"G4500890",267521,15
"G4500890",409141,15
"G4500890",453068,15
"G4500890",4963,16
"G4500890",26364,17
"G4500890",37175,17
"G4500890",282878,17
"G4500890",284760,17
"G4500890",327424,17
"G4500890",368768,17
"G4500890",374986,17
"G4500890",94689,18
"G4500890",122879,18
"G4500890",76551,19
"G4500890",156254,19
"G4500890",479453,19
"G4500910",69731,8
"G4500910",157987,8
"G4500910",232015,8
"G4500910",347390,8
"G4500910",468162,8
"G4500910",535590,8
"G4500910",537129,8
"G4500910",538233,8
"G4500910",71801,9
"G4500910",217951,9
"G4500910",273361,9
"G4500910",313980,9
"G4500910",461693,10
"G4500910",259340,14
"G4500910",475883,14
"G4500910",26023,15
"G4500910",100821,15
"G4500910",183363,15
"G4500910",183380,15
"G4500910",195836,15
"G4500910",220081,15
"G4500910",223642,15
"G4500910",234084,15
"G4500910",250924,15
"G4500910",284428,15
"G4500910",337103,15
"G4500910",337209,15
"G4500910",366252,15
"G4500910",386994,15
"G4500910",396283,15
"G4500910",534076,15
"G4500910",35705,16
"G4500910",35789,16
"G4500910",46424,16
"G4500910",53532,16
"G4500910",60467,16
"G4500910",85274,16
"G4500910",97829,16
"G4500910",130503,16
"G4500910",141114,16
"G4500910",144763,16
"G4500910",2077,17
"G4500910",6644,17
"G4500910",7534,17
"G4500910",14002,17
"G4500910",14168,17
"G4500910",36078,17
"G4500910",53274,17
"G4500910",58899,17
"G4500910",74065,17
"G4500910",78069,17
"G4500910",79783,17
"G4500910",86679,17
"G4500910",87131,17
"G4500910",88654,17
"G4500910",91094,17
"G4500910",105432,17
"G4500910",119089,17
"G4500910",125035,17
"G4500910",141425,17
"G4500910",147872,17
"G4500910",149761,17
"G4500910",149782,17
"G4500910",153775,17
"G4500910",156797,17
"G4500910",160291,17
"G4500910",164461,17
"G4500910",200963,17
"G4500910",207297,17
"G4500910",210933,17
"G4500910",216640,17
"G4500910",219745,17
"G4500910",228891,17
"G4500910",240861,17
"G4500910",249589,17
"G4500910",267265,17
"G4500910",268017,17
"G4500910",270286,17
"G4500910",279304,17
"G4500910",281546,17
"G4500910",289937,17
"G4500910",305830,17
"G4500910",306573,17
"G4500910",310840,17
"G4500910",326696,17
"G4500910",347082,17
"G4500910",367047,17
"G4500910",367665,17
"G4500910",367678,17
"G4500910",369131,17
"G4500910",376363,17
"G4500910",377032,17
"G4500910",65,18
"G4500910",2540,18
"G4500910",5353,18
"G4500910",28376,18
"G4500910",31136,18
"G4500910",31587,18
"G4500910",41891,18
"G4500910",43126,18
"G4500910",51262,18
"G4500910",59043,18
"G4500910",62282,18
"G4500910",70349,18
"G4500910",70925,18
"G4500910",85521,18
"G4500910",90469,18
"G4500910",97997,18
"G4500910",113791,18
"G4500910",126845,18
"G4500910",139874,18
"G4500910",142002,18
"G4500910",159501,18
"G4500910",160566,18
"G4500910",162002,18
"G4500910",166792,18
"G4500910",176948,18
"G4500910",184123,18
"G4500910",184221,18
"G4500910",187202,18
"G4500910",189747,18
"G4500910",192552,18
"G4500910",210249,18
"G4500910",211162,18
"G4500910",217665,18
"G4500910",238618,18
"G4500910",241449,18
"G4500910",248399,18
"G4500910",252577,18
"G4500910",253742,18
"G4500910",253753,18
"G4500910",255736,18
"G4500910",261022,18
"G4500910",261102,18
"G4500910",265609,18
"G4500910",268379,18
"G4500910",282656,18
"G4500910",286603,18
"G4500910",290391,18
"G4500910",299441,18
"G4500910",302708,18
"G4500910",320673,18
"G4500910",326223,18
"G4500910",342967,18
"G4500910",348883,18
"G4500910",352031,18
"G4500910",354492,18
"G4500910",356025,18
"G4500910",360272,18
"G4500910",363310,18
"G4500910",365589,18
"G4500910",375796,18
"G4500910",376409,18
"G4500910",383682,18
"G4500910",394795,18
"G4500910",2724,19
"G4500910",4769,19
"G4500910",27047,19
"G4500910",33348,19
"G4500910",64005,19
"G4500910",70193,19
"G4500910",89991,19
"G4500910",113415,19
"G4500910",142408,19
"G4500910",166134,19
"G4500910",177720,19
"G4500910",193073,19
"G4500910",66768,20
"G4500910",101567,20
"G4500910",113688,20
"G4500910",153712,20
"G4500910",156758,20
"G4500910",166634,20
"G4500910",259738,20
"G4500910",328456,20
"G4500910",343708,20
"G4500910",373223,20
"G4500910",411601,20
"G4500910",431234,20
"G4500910",463120,20
"G4500910",469546,20
"G4500910",117414,21
"G4500910",313993,21
"G4500910",314467,21
"G4500910",349928,21
"G4500910",476264,21
"G4500910",442668,22
